{"cameraMode":{"drawMode":0,"name":"Shaded","section":"Shading Mode"},"sceneLighting":true,"audioPlay":false,"sceneViewState":{"m_AlwaysRefresh":false,"showFog":true,"showSkybox":true,"showFlares":true,"showImageEffects":true,"showParticleSystems":true,"showVisualEffectGraphs":true,"m_FxEnabled":true},"in2DMode":false,"pivot":{"x":-0.014672055840492249,"y":0.8597603440284729,"z":0.24658775329589845},"rotation":{"x":-0.036553192883729938,"y":-0.9586161971092224,"z":0.24284684658050538,"w":-0.14461426436901093},"size":0.14183644950389863,"orthographic":false}