{"cameraMode":{"drawMode":0,"name":"Shaded","section":"Shading Mode"},"sceneLighting":true,"audioPlay":false,"sceneViewState":{"m_AlwaysRefresh":false,"showFog":true,"showSkybox":true,"showFlares":true,"showImageEffects":true,"showParticleSystems":true,"showVisualEffectGraphs":true,"m_FxEnabled":true},"in2DMode":false,"pivot":{"x":-0.7210726737976074,"y":0.2636134922504425,"z":1.0569190979003907},"rotation":{"x":-0.008236917667090893,"y":-0.9893420338630676,"z":0.06151692569255829,"w":-0.1325763463973999},"size":-0.003433199832215905,"orthographic":false}