{"cameraMode":{"drawMode":0,"name":"Shaded","section":"Shading Mode"},"sceneLighting":true,"audioPlay":false,"sceneViewState":{"m_AlwaysRefresh":false,"showFog":true,"showSkybox":true,"showFlares":true,"showImageEffects":true,"showParticleSystems":true,"showVisualEffectGraphs":true,"m_FxEnabled":true},"in2DMode":false,"pivot":{"x":0.1460741013288498,"y":1.4120855331420899,"z":0.8337494134902954},"rotation":{"x":0.009010073728859425,"y":0.983965277671814,"z":-0.17084276676177979,"w":0.053557388484478},"size":0.32897093892097475,"orthographic":false}